,,,,,,
,,,,,,
Truffles,https://goo.gl/maps/2EvhB4oq4gyUXKXx9,12:00,11:00,6,7,8
Truffles,https://goo.gl/maps/2EvhB4oq4gyUXKXx9,12:00,11:00,6,7,8
Truffles,https://goo.gl/maps/2EvhB4oq4gyUXKXx9,12:00,11:00,6,7,8
Truffles,https://goo.gl/maps/2EvhB4oq4gyUXKXx9,12:00,11:00,6,7,8
Truffles,https://goo.gl/maps/2EvhB4oq4gyUXKXx9,12:00,11:00,6,7,8
Truffles,https://goo.gl/maps/2EvhB4oq4gyUXKXx9,12:00,11:00,6,7,8
Truffles,https://goo.gl/maps/2EvhB4oq4gyUXKXx9,12:00,11:00,6,7,8
Truffles,https://goo.gl/maps/2EvhB4oq4gyUXKXx9,12:00,11:00,6,7,8
Truffles,https://goo.gl/maps/2EvhB4oq4gyUXKXx9,12:00,11:00,6,7,8
Truffles,https://goo.gl/maps/2EvhB4oq4gyUXKXx9,12:00,11:00,6,7,8
Truffles,https://goo.gl/maps/2EvhB4oq4gyUXKXx9,12:00,11:00,6,7,8
Truffles,https://goo.gl/maps/2EvhB4oq4gyUXKXx9,12:00,11:00,6,7,8
Truffles,https://goo.gl/maps/2EvhB4oq4gyUXKXx9,12:00,11:00,6,7,8
Truffles,https://goo.gl/maps/2EvhB4oq4gyUXKXx9,12:00,11:00,6,7,8
Truffles,https://goo.gl/maps/2EvhB4oq4gyUXKXx9,12:00,11:00,6,7,8
Truffles,https://goo.gl/maps/2EvhB4oq4gyUXKXx9,12:00,11:00,6,7,8
Truffles,https://goo.gl/maps/2EvhB4oq4gyUXKXx9,12:00,11:00,6,7,8
Truffles,https://goo.gl/maps/2EvhB4oq4gyUXKXx9,12:00,11:00,6,7,8
Truffles,https://goo.gl/maps/2EvhB4oq4gyUXKXx9,12:00,11:00,6,7,8
Truffles,https://goo.gl/maps/2EvhB4oq4gyUXKXx9,12:00,11:00,6,7,8
Truffles,https://goo.gl/maps/2EvhB4oq4gyUXKXx9,12:00,11:00,6,7,8
Truffles,https://goo.gl/maps/2EvhB4oq4gyUXKXx9,12:00,11:00,6,7,8
Truffles,https://goo.gl/maps/2EvhB4oq4gyUXKXx9,12:00,11:00,6,7,8
Truffles,https://goo.gl/maps/2EvhB4oq4gyUXKXx9,12:00,11:00,6,7,8
Truffles,https://goo.gl/maps/2EvhB4oq4gyUXKXx9,12:00,11:00,6,7,8
Truffles,https://goo.gl/maps/2EvhB4oq4gyUXKXx9,12:00,11:00,6,7,8
Truffles,https://goo.gl/maps/2EvhB4oq4gyUXKXx9,12:00,11:00,6,7,8
Truffles,https://goo.gl/maps/2EvhB4oq4gyUXKXx9,12:00,11:00,6,7,8
Truffles,https://goo.gl/maps/2EvhB4oq4gyUXKXx9,12:00,11:00,6,7,8
Truffleshttps://goo.gl/maps/2EvhB4oq4gyUXKXx912:0011:00678Truffles,https://goo.gl/maps/2EvhB4oq4gyUXKXx9,12:00,11:00,6,7,8
Truffles,https://goo.gl/maps/2EvhB4oq4gyUXKXx9,12:00,11:00,6,7,8
Truffles,https://goo.gl/maps/2EvhB4oq4gyUXKXx9,12:00,11:00,6,7,8
Truffles,https://goo.gl/maps/2EvhB4oq4gyUXKXx9,12:00,11:00,6,7,8
Truffles,https://goo.gl/maps/2EvhB4oq4gyUXKXx9,12:00,11:00,6,7,8
Truffles,https://goo.gl/maps/2EvhB4oq4gyUXKXx9,12:00,11:00,6,7,8
Truffles,https://goo.gl/maps/2EvhB4oq4gyUXKXx9,12:00,11:00,6,7,8
Truffles,https://goo.gl/maps/2EvhB4oq4gyUXKXx9,12:00,11:00,6,7,8
Truffles,https://goo.gl/maps/2EvhB4oq4gyUXKXx9,12:00,11:00,6,7,8
Truffles,https://goo.gl/maps/2EvhB4oq4gyUXKXx9,12:00,11:00,6,7,8
Truffles,https://goo.gl/maps/2EvhB4oq4gyUXKXx9,12:00,11:00,6,7,8
Truffles,https://goo.gl/maps/2EvhB4oq4gyUXKXx9,12:00,11:00,6,7,8
Truffles,https://goo.gl/maps/2EvhB4oq4gyUXKXx9,12:00,11:00,6,7,8
Truffles,https://goo.gl/maps/2EvhB4oq4gyUXKXx9,12:00,11:00,6,7,8
Truffles,https://goo.gl/maps/2EvhB4oq4gyUXKXx9,12:00,11:00,6,7,8
Truffles,https://goo.gl/maps/2EvhB4oq4gyUXKXx9,12:00,11:00,6,7,8
Truffles,https://goo.gl/maps/2EvhB4oq4gyUXKXx9,12:00,11:00,6,7,8
Truffles,https://goo.gl/maps/2EvhB4oq4gyUXKXx9,12:00,11:00,6,7,8
Truffles,https://goo.gl/maps/2EvhB4oq4gyUXKXx9,12:00,11:00,6,7,8
Truffles,https://goo.gl/maps/2EvhB4oq4gyUXKXx9,12:00,11:00,6,7,8
Truffles,https://goo.gl/maps/2EvhB4oq4gyUXKXx9,12:00,11:00,6,7,8
Truffles,https://goo.gl/maps/2EvhB4oq4gyUXKXx9,12:00,11:00,6,7,8
Truffles,https://goo.gl/maps/2EvhB4oq4gyUXKXx9,12:00,11:00,6,7,8
Truffles,https://goo.gl/maps/2EvhB4oq4gyUXKXx9,12:00,11:00,6,7,8
Truffles,https://goo.gl/maps/2EvhB4oq4gyUXKXx9,12:00,11:00,6,7,8
Truffles,https://goo.gl/maps/2EvhB4oq4gyUXKXx9,12:00,11:00,6,7,8
Truffles,https://goo.gl/maps/2EvhB4oq4gyUXKXx9,12:00,11:00,6,7,8
Truffles,https://goo.gl/maps/2EvhB4oq4gyUXKXx9,12:00,11:00,6,7,8
Truffles,https://goo.gl/maps/2EvhB4oq4gyUXKXx9,12:00,11:00,6,7,8
Truffles,https://goo.gl/maps/2EvhB4oq4gyUXKXx9,12:00,11:00,6,7,8
Truffles,https://goo.gl/maps/2EvhB4oq4gyUXKXx9,12:00,11:00,6,7,8
Truffles,https://goo.gl/maps/2EvhB4oq4gyUXKXx9,12:00,11:00,6,7,8
Truffles,https://goo.gl/maps/2EvhB4oq4gyUXKXx9,12:00,11:00,6,7,8
Truffles,https://goo.gl/maps/2EvhB4oq4gyUXKXx9,12:00,11:00,6,7,8
Truffles,https://goo.gl/maps/2EvhB4oq4gyUXKXx9,12:00,11:00,6,7,8
Truffles,https://goo.gl/maps/2EvhB4oq4gyUXKXx9,12:00,11:00,6,7,8
Truffles,https://goo.gl/maps/2EvhB4oq4gyUXKXx9,12:00,11:00,6,7,8
Truffles,https://goo.gl/maps/2EvhB4oq4gyUXKXx9,12:00,11:00,6,7,8
